product_name,brand,category,ingredients,size_packaging,image_url,product_url,brand_source,size_source,notes,cse_query_used,cse_endpoint,cse_cx,cse_num,official_product_page,official_product_title,reliability_score,match_confidence,sources_top5,api_error
"Mary & May – Premium Idebenone Blackberry Complex Essence Mask, 20EA/250g",Mary & May,Face Mask,Idebenone; Blackberry Complex (Blackberry Fruit Extract & Seed Oil); Peptide Blend (10 types of peptides); Hyaluronic Acid & Glycerin; Premium Sheet Material & Ampoule Essence,20 sheets 250 g total,https://qudobeauty.com/wp-content/uploads/2025/04/37_2e80cf61-6cb3-49ad-9681-cc54fec11ba6-600x600.webp,https://qudobeauty.com/product/mary-may-premium-idebenone-blackberry-complex-essence-mask-20ea-250g/,explicit_text,capacity_section,Ingredients captured as key actives (full INCI not confirmed),"Mary & May Mary & May – Premium Idebenone Blackberry Complex Essence Mask, 20EA/250g official product",https://customsearch.googleapis.com/customsearch/v1,93e00df9b7f984bff,5,https://marynmay.com/products/mary-may-premium-idebenone-blackberry-complex-essence-mask-20ea-250g,Mary&May Premium Idebenone Blackberry Complex Essence Mask ...,75,Medium,https://marynmay.us/products/premium-idebenon-blackberry-complex-ampoule-mask-20ea-250g | https://marynmay.com/products/mary-may-premium-idebenone-blackberry-complex-essence-mask-20ea-250g | https://www.amazon.com/Mary-May-Blackberry-Hyaluronic-Hydrating/dp/B0C1NXY63S | https://qudobeauty.com/product/mary-may-premium-idebenone-blackberry-complex-essence-mask-20ea-250g/ | https://skintreatsmv.com/product/mary-may-premium-idebenone-blackberry-complex-essence-mask-20ea-250g/,
"Medicube – Zero Pore Blackhead Mud Mask, 100g",Medicube,Face Mask,kaolin & bentonite; AHA & BHA acids; tea tree extract; panthenol; hyaluronic acid,100 g,https://qudobeauty.com/wp-content/uploads/2025/04/images-70.jpeg,https://qudobeauty.com/product/medicube-zero-pore-blackhead-mud-mask-100g/,explicit_text,capacity_section,Ingredients captured as key actives (full INCI not confirmed),"Medicube Medicube – Zero Pore Blackhead Mud Mask, 100g official product",https://customsearch.googleapis.com/customsearch/v1,93e00df9b7f984bff,5,https://medicube.us/products/zero-pore-blackhead-mud-mask,Zero Pore Blackhead Mud Mask – MEDICUBE US,75,Medium,https://www.amazon.com/Medicube-Zero-Pore-Blackhead-Facial/dp/B0D1G7XF9X | https://medicube.us/products/zero-pore-blackhead-mud-mask | https://www.yesstyle.com/en/medicube-zero-pore-blackhead-mud-mask-100g/info.html/pid.1129746067 | https://themedicube.com.sg/products/zero-pore-blackhead-mud-mask | https://www.stylekorean.com/shop/medicube-zero-pore-blackhead-mud-mask-100g/1719970548/,
"Anua – Birch 70 Moisture Boosting Serum, 30ml",Anua,Bulk Serums,Birch Sap (70%); Hyaluronic Acid; Panthenol (Vitamin B5); Allantoin; Centella Asiatica Extract,30 ml,https://qudobeauty.com/wp-content/uploads/2025/04/41pOWQSEMYL-600x600.jpg,https://qudobeauty.com/product/anua-birch-70-moisture-boosting-serum-30ml/,explicit_text,capacity_section,Ingredients captured as key actives (full INCI not confirmed),"Anua Anua – Birch 70 Moisture Boosting Serum, 30ml official product",https://customsearch.googleapis.com/customsearch/v1,93e00df9b7f984bff,5,https://koreanskincare.com/products/anua-birch-70-moisture-boosting-serum,Anua Birch 70% Moisture Boosting Serum I Korean Skincare ...,50,Low,https://koreanskincare.com/products/anua-birch-70-moisture-boosting-serum | https://koreanskincare.nl/products/anua-birch-70-moisture-boosting-serum | https://kiyoko.com/products/anua-birch-70-moisture-boosting-serum-30ml | https://www.yesstyle.com/en/anua-birch-70-moisture-boosting-serum-30ml/info.html/pid.1135831058 | https://ng.iherb.com/pr/anua-birch-70-moisture-boosting-serum-1-01-fl-oz-30-ml/147908,
"Mixsoon – Soybean Milk Pad, 10pcs",MIXSOON,Bulk Serums,"soybean milk extract; bean; humectants (glycerin, hyaluronic acid); soothing botanical extracts",10 pcs,https://qudobeauty.com/wp-content/uploads/2025/04/mixsoon-soybean-milk-pad-10pcs_88f5cd7e-65a0-41d8-9212-2f676eda49d9.webp,https://qudobeauty.com/product/mixsoon-soybean-milk-pad-16ml/,explicit_text,capacity_section,Ingredients captured as key actives (full INCI not confirmed),"MIXSOON Mixsoon – Soybean Milk Pad, 10pcs official product",https://customsearch.googleapis.com/customsearch/v1,93e00df9b7f984bff,5,https://mixsoon.us/,mixsoon US Official - Premium Korean Skincare Brand For Glass Skin,75,Medium,https://yepposoonsoo.se/en/products/mixsoon-soybean-milk-pad-10pcs | https://www.skinbae.in/products/mixsoon-soybean-milk-pad-10-pcs | https://www.berryyoung.ca/copy-of-bean-essence-50ml-63039335.html | https://goldapple.qa/19000107512-soybean-milk-pad/ | https://mixsoon.us/,
"VT Cosmetics – Cica Reti-a Cream 0.05, 30ml",VT Cosmetics,Bulk Serums,Hydroxypinacolone Retinoate (0.05%); Retinal & Bakuchiol; Niacinamide; Cica Hyalon™ (Centella Asiatica Extract + triple Hyaluronic Acid); Adenosine & Sodium Hyaluronate,30 ml,https://qudobeauty.com/wp-content/uploads/2025/04/1_6cf0af27-59c2-4536-87c3-3e5e5a9ad08d-600x600.webp,https://qudobeauty.com/product/vt-cosmetics-cica-reti-a-cream-0-05-30ml/,explicit_text,capacity_section,Ingredients captured as key actives (full INCI not confirmed),"VT Cosmetics VT Cosmetics – Cica Reti-a Cream 0.05, 30ml official product",https://customsearch.googleapis.com/customsearch/v1,93e00df9b7f984bff,5,https://www.amazon.com/VT-COSMETICS-Reti-Cream-Moisturizing/dp/B0BTHPY5KD,VT COSMETICS Cica Reti-A Retinol Cream 0.05 ... - Amazon.com,50,Low,https://www.amazon.com/VT-COSMETICS-Reti-Cream-Moisturizing/dp/B0BTHPY5KD | https://global.oliveyoung.com/product/detail?prdtNo=GA250329546 | https://www.yesstyle.com/en/vt-cica-reti-a-cream-0-05-30ml/info.html/pid.1121443181 | https://www.stylekorean.com/shop/vt-cosmetics-cica-reti-a-cream-0.05-30ml/1729477500/ | https://www.ladymakeup.com/shop/vt_cosmetics_cica_reti_a_cream_0_05_retinol_face_cream_30_ml.html,
SKIN1004 – Madagascar Centella Hyalu-Cica First Ampoule 50ml,SKIN1004,Bulk Serums,Centella Asiatica Extract; Five types of Hyaluronic Acid; Birch Sap (Betula Platyphylla Juice); Ivy (Hedera Helix) Leaf/Stem Extract; Glycerin & Humectants,50 ml,https://qudobeauty.com/wp-content/uploads/2025/07/madagascar-centella-hyalu-cica-ser-de-fata-first-ampoule-50-ml_25472_3_1712820655-1-600x600.jpg,https://qudobeauty.com/product/skin1004-madagascar-centella-hyalu-cica-first-ampoule-50ml/,explicit_text,capacity_section,Ingredients captured as key actives (full INCI not confirmed),SKIN1004 SKIN1004 – Madagascar Centella Hyalu-Cica First Ampoule 50ml official product,https://customsearch.googleapis.com/customsearch/v1,93e00df9b7f984bff,5,https://www.skin1004.com/products/skin1004-madagascar-centella-hyalu-cica-first-ampoule,Hyalu-Cica First Ampoule – SKIN1004,75,Medium,https://www.skin1004.com/products/skin1004-madagascar-centella-hyalu-cica-first-ampoule | https://www.reddit.com/r/AsianBeauty/comments/1df20gm/has_anyone_tried_the_products_from_the_skin1004/ | https://www.skin1004.com/products/skin1004-madagascar-centella-hyalu-cica-blue-serum | https://www.reddit.com/r/AsianBeauty/comments/1fi0z7m/skin1004_madagascar_centella_ampoule_honest/ | https://www.amazon.com/SKIN1004-Hyalu-CICA-Hyaluronic-Niacinamide-Refreshing/dp/B093JZCD7M,
"KUNDAL – Honey & Macadamia Pure Body Lotion, Amber Vanilla, 500ml",KUNDAL,Body Care,Honey Extract; Macadamia Seed Oil; Botanical Extracts; Moisturizing Agents (Glycerin & Humectants); Lightweight Cream Texture,500 ml,https://qudobeauty.com/wp-content/uploads/2025/11/8-600x600.avif,https://qudobeauty.com/product/kundal-honey-macadamia-pure-body-lotion-amber-vanilla-500ml/,explicit_text,capacity_section,Ingredients captured as key actives (full INCI not confirmed),"KUNDAL KUNDAL – Honey & Macadamia Pure Body Lotion, Amber Vanilla, 500ml official product",https://customsearch.googleapis.com/customsearch/v1,93e00df9b7f984bff,5,https://kundal.us/products/pure-body-wash-500ml-1,Pure Body Wash 500ml [4 Scent] – KUNDAL,75,Medium,https://www.tirabeauty.com/product/kundal-amber-vanilla-honey-macadamia-pure-body-lotion-500ml-7590008 | https://kundal.us/products/pure-body-wash-500ml-1 | https://koreanskincare.com/products/kundal-honey-macadamia-pure-body-lotion | https://kundal.us/collections/shop-all | https://qudobeauty.com/cat/wholesale-body-care/,
"Salt & Stone – Body Lotion Bergamot & Hinoki, 100ml",Salt & Stone,Body Care,Bergamot & Hinoki Fragrance Blend; Glycerin; Shea Butter; Botanical Oils; Aloe Vera; Antioxidant Botanical Extracts,100 ml,https://qudobeauty.com/wp-content/uploads/2025/12/salt-stone-body-lotion-bergamot-hinoki-100ml-copy-600x600.jpg,https://qudobeauty.com/product/salt-stone-body-lotion-bergamot-hinoki-100ml/,explicit_text,capacity_section,Ingredients captured as key actives (full INCI not confirmed),"Salt & Stone Salt & Stone – Body Lotion Bergamot & Hinoki, 100ml official product",https://customsearch.googleapis.com/customsearch/v1,93e00df9b7f984bff,5,https://www.saltandstone.com/products/body-lotion,Best Scented Body Lotion for Women & Men – SALT & STONE,75,Medium,https://www.saltandstone.com/products/body-lotion | https://www.amazon.com/Salt-Stone-Nourishes-Fast-Absorbing-Cruelty-Free/dp/B0CS6PZHG3 | https://www.saltandstone.com/en-sg/products/body-lotion | https://www.sephora.com/product/salt-stone-bergamot-hinoki-hydrating-body-lotion-with-niacinamide-P510342 | https://www.saltandstone.com/products/body-mist,
"Anua – Rice 70 Glow Milky Toner, 250ml",Anua,Bulk Toners,Rice Extract (70%); Niacinamide (Vitamin B3); Panthenol (Vitamin B5); Allantoin; Hyaluronic Acid,250 ml,https://qudobeauty.com/wp-content/uploads/2025/04/Anua-Rice-70-Glow-Milky-Toner-250ml-1-600x600.jpg,https://qudobeauty.com/product/anua-rice-70-glow-milky-toner-250ml/,explicit_text,capacity_section,Ingredients captured as key actives (full INCI not confirmed),"Anua Anua – Rice 70 Glow Milky Toner, 250ml official product",https://customsearch.googleapis.com/customsearch/v1,93e00df9b7f984bff,5,https://anua.com/products/rice-70-glow-milky-toner,Rice 70 Glow Milky Toner,75,Medium,https://anua.com/products/rice-70-glow-milky-toner | https://www.amazon.com/ANUA-Brightening-Niacinamide-Fragrance-Free-comodogenic/dp/B0D54F8XYK | https://www.ulta.com/p/rice-70-glow-milky-toner-pimprod2048932?sku=2634193 | https://www.reddit.com/r/koreanskincare/comments/1fival4/anua_rice_70_glowy_milky_toner_vs_im_from_rice/ | https://www.yesstyle.com/en/anua-rice-70-glow-milky-toner-250ml/info.html/pid.1129917448,
"Medi-Peel – Bor-Tox Peptide Tox Toner, 180ml",MEDI-PEEL,Bulk Toners,botox; peptides; niacinamide; hyaluronic acid; panthenol,180 ml,https://qudobeauty.com/wp-content/uploads/2025/10/bor_tox_toner_medi_peel_looksogood-600x601.jpeg,https://qudobeauty.com/product/medi-peel-bor-tox-peptide-tox-toner-180-ml/,explicit_text,capacity_section,Ingredients captured as key actives (full INCI not confirmed),"MEDI-PEEL Medi-Peel – Bor-Tox Peptide Tox Toner, 180ml official product",https://customsearch.googleapis.com/customsearch/v1,93e00df9b7f984bff,5,https://makeupstore.com/product/780421/,Anti-Ageing Peptide Face Toner - MEDIPEEL Bor-Tox Peptide Toner ...,50,Low,https://makeupstore.com/product/780421/ | https://sincereskincare.com/product/medi-peel-bor-tox-peptide-toner-peptidinis-stangrinamasis-tonikas/ | https://incidecoder.com/products/medi-peel-bor-tox-peptide-toner | https://b2b-icosmo.eu/catalog/medi-peel-toner-dlia-obliccia-z-peptidami-bor-tox-peptide-toner-180-ml-%D0%A6%D0%91000005482/p3536 | https://www.kosmosbeauty.com/products/medi-peel-bor-tox-peptide-firming-toner-180ml,
