product_name,brand,category,ingredients,size_packaging,image_url,product_url,brand_source,size_source,notes
"Mary & May – Premium Idebenone Blackberry Complex Essence Mask, 20EA/250g",Mary & May,Face Mask,Idebenone; Blackberry Complex (Blackberry Fruit Extract & Seed Oil); Peptide Blend (10 types of peptides); Hyaluronic Acid & Glycerin; Premium Sheet Material & Ampoule Essence,20 sheets 250 g total,https://qudobeauty.com/wp-content/uploads/2025/04/37_2e80cf61-6cb3-49ad-9681-cc54fec11ba6-600x600.webp,https://qudobeauty.com/product/mary-may-premium-idebenone-blackberry-complex-essence-mask-20ea-250g/,explicit_text,capacity_section,Ingredients captured as key actives (full INCI not confirmed)
"Medicube – Zero Pore Blackhead Mud Mask, 100g",Medicube,Face Mask,kaolin & bentonite; AHA & BHA acids; tea tree extract; panthenol; hyaluronic acid,100 g,https://qudobeauty.com/wp-content/uploads/2025/04/images-70.jpeg,https://qudobeauty.com/product/medicube-zero-pore-blackhead-mud-mask-100g/,explicit_text,capacity_section,Ingredients captured as key actives (full INCI not confirmed)
"Anua – Birch 70 Moisture Boosting Serum, 30ml",Anua,Bulk Serums,Birch Sap (70%); Hyaluronic Acid; Panthenol (Vitamin B5); Allantoin; Centella Asiatica Extract,30 ml,https://qudobeauty.com/wp-content/uploads/2025/04/41pOWQSEMYL-600x600.jpg,https://qudobeauty.com/product/anua-birch-70-moisture-boosting-serum-30ml/,explicit_text,capacity_section,Ingredients captured as key actives (full INCI not confirmed)
"Mixsoon – Soybean Milk Pad, 10pcs",MIXSOON,Bulk Serums,"soybean milk extract; bean; humectants (glycerin, hyaluronic acid); soothing botanical extracts",10 pcs,https://qudobeauty.com/wp-content/uploads/2025/04/mixsoon-soybean-milk-pad-10pcs_88f5cd7e-65a0-41d8-9212-2f676eda49d9.webp,https://qudobeauty.com/product/mixsoon-soybean-milk-pad-16ml/,explicit_text,capacity_section,Ingredients captured as key actives (full INCI not confirmed)
"VT Cosmetics – Cica Reti-a Cream 0.05, 30ml",VT Cosmetics,Bulk Serums,Hydroxypinacolone Retinoate (0.05%); Retinal & Bakuchiol; Niacinamide; Cica Hyalon™ (Centella Asiatica Extract + triple Hyaluronic Acid); Adenosine & Sodium Hyaluronate,30 ml,https://qudobeauty.com/wp-content/uploads/2025/04/1_6cf0af27-59c2-4536-87c3-3e5e5a9ad08d-600x600.webp,https://qudobeauty.com/product/vt-cosmetics-cica-reti-a-cream-0-05-30ml/,explicit_text,capacity_section,Ingredients captured as key actives (full INCI not confirmed)
SKIN1004 – Madagascar Centella Hyalu-Cica First Ampoule 50ml,SKIN1004,Bulk Serums,Centella Asiatica Extract; Five types of Hyaluronic Acid; Birch Sap (Betula Platyphylla Juice); Ivy (Hedera Helix) Leaf/Stem Extract; Glycerin & Humectants,50 ml,https://qudobeauty.com/wp-content/uploads/2025/07/madagascar-centella-hyalu-cica-ser-de-fata-first-ampoule-50-ml_25472_3_1712820655-1-600x600.jpg,https://qudobeauty.com/product/skin1004-madagascar-centella-hyalu-cica-first-ampoule-50ml/,explicit_text,capacity_section,Ingredients captured as key actives (full INCI not confirmed)
"KUNDAL – Honey & Macadamia Pure Body Lotion, Amber Vanilla, 500ml",KUNDAL,Body Care,Honey Extract; Macadamia Seed Oil; Botanical Extracts; Moisturizing Agents (Glycerin & Humectants); Lightweight Cream Texture,500 ml,https://qudobeauty.com/wp-content/uploads/2025/11/8-600x600.avif,https://qudobeauty.com/product/kundal-honey-macadamia-pure-body-lotion-amber-vanilla-500ml/,explicit_text,capacity_section,Ingredients captured as key actives (full INCI not confirmed)
"Salt & Stone – Body Lotion Bergamot & Hinoki, 100ml",Salt & Stone,Body Care,Bergamot & Hinoki Fragrance Blend; Glycerin; Shea Butter; Botanical Oils; Aloe Vera; Antioxidant Botanical Extracts,100 ml,https://qudobeauty.com/wp-content/uploads/2025/12/salt-stone-body-lotion-bergamot-hinoki-100ml-copy-600x600.jpg,https://qudobeauty.com/product/salt-stone-body-lotion-bergamot-hinoki-100ml/,explicit_text,capacity_section,Ingredients captured as key actives (full INCI not confirmed)
"Anua – Rice 70 Glow Milky Toner, 250ml",Anua,Bulk Toners,Rice Extract (70%); Niacinamide (Vitamin B3); Panthenol (Vitamin B5); Allantoin; Hyaluronic Acid,250 ml,https://qudobeauty.com/wp-content/uploads/2025/04/Anua-Rice-70-Glow-Milky-Toner-250ml-1-600x600.jpg,https://qudobeauty.com/product/anua-rice-70-glow-milky-toner-250ml/,explicit_text,capacity_section,Ingredients captured as key actives (full INCI not confirmed)
"Medi-Peel – Bor-Tox Peptide Tox Toner, 180ml",MEDI-PEEL,Bulk Toners,botox; peptides; niacinamide; hyaluronic acid; panthenol,180 ml,https://qudobeauty.com/wp-content/uploads/2025/10/bor_tox_toner_medi_peel_looksogood-600x601.jpeg,https://qudobeauty.com/product/medi-peel-bor-tox-peptide-tox-toner-180-ml/,explicit_text,capacity_section,Ingredients captured as key actives (full INCI not confirmed)
"APLB – Glutathione Niacinamide Facial Cream, 55ml",APLB,Bulk Moisturizer,Glutathione; Niacinamide (Vitamin B3); Panthenol (Vitamin B5); Hyaluronic Acid; Allantoin; Adenosine,55 ml,https://qudobeauty.com/wp-content/uploads/2025/04/APLB-Glutathione-Niacinamide-Facial-Cream-55ml-1-600x600.jpg,https://qudobeauty.com/product/aplb-glutathione-niacinamide-facial-cream-55ml/,explicit_text,capacity_section,Ingredients captured as key actives (full INCI not confirmed)
"Medi-Peel – Hyaluron Cica Peptide 9 Ampoule Eye Patch, 60 Patches",MEDI-PEEL,Eye Patches,centella asiatica (cica); Peptide 9 Complex; hyaluronic acid; niacinamide; panthenol,60 patches,https://qudobeauty.com/wp-content/uploads/2025/04/XL_p0101078901.webp,https://qudobeauty.com/product/medi-peel-hyaluron-cica-peptide-9-ampoule-eye-patch-60-patches/,explicit_text,capacity_section,Ingredients captured as key actives (full INCI not confirmed)
"Medi-Peel – Hyaluron Dark Benone 9 Peptide Ampoule Eye Patch, 60 Patches",MEDI-PEEL,Eye Patches,hyaluronic acid; Peptide 9 Complex; niacinamide; panthenol; brightening antioxidants,60 patches,https://qudobeauty.com/wp-content/uploads/2025/04/0f6f0945-3bc7-4122-a07d-129c48ec96f1-600x600.jpg,https://qudobeauty.com/product/medi-peel-hyaluron-dark-benone-9-peptide-ampoule-eye-patch-60-patches/,explicit_text,capacity_section,Ingredients captured as key actives (full INCI not confirmed)
Haruharu Wonder – Cleanse and Glow Set,Haruharu Wonder,Travel Makeup Kit,Black Rice Moisture Deep Cleansing Oil; Black Rice Triple AHA Gentle Cleansing Gel; Black Rice Hyaluronic Toner for Sensitive Skin,150 ml + 100 ml + 150 ml,https://qudobeauty.com/wp-content/uploads/2025/04/veel-haruharu-wonder-cleanse-and-glow-set.webp,https://qudobeauty.com/product/haruharu-wonder-cleanse-and-glow-set/,explicit_text,capacity_section,Ingredients captured as key actives (full INCI not confirmed)
"Mary & May – Soothing Trouble Care Travel Kit, 30ml+30ml+10ml+12g+12g",Mary & May,,Soothing Toner (30 ml); Balancing Serum (30 ml); Hydrating Moisturizer (10 ml); Spot Care Patches or Mask (12 g); Refreshing Sheet Mask or Patch Set (12 g),30 ml + 30 ml + 10 ml + 12 g + 12 g,https://qudobeauty.com/wp-content/uploads/2025/04/mary_may_travel_kit-600x600.png,https://qudobeauty.com/product/mary-may-soothing-trouble-care-travel-kit-30ml30ml10ml12g12g/,explicit_text,capacity_section,Ingredients captured as key actives (full INCI not confirmed)
Pimple Patches Wholesale,,,,,https://qudobeauty.com/wp-content/uploads/2025/03/Qudo-Logo-2.webp,https://qudobeauty.com/cat/wholesale-face-care/pimple-patches/,missing,missing,Brand not explicitly stated on product page; Size/packaging not explicitly stated on product page; Ingredients not found on product page
VT Cosmetics – Cica Care Spot Patch – 1pack(48 Patches),VT Cosmetics,,"Hydro; Centella Asiatica extract; Translucent, thin & beveled; Waterproof and sweat",,https://qudobeauty.com/wp-content/uploads/2025/04/vt-cica-care-spot-patch-1pack-48-patches-196-600x600.jpg,https://qudobeauty.com/product/vt-cica-care-spot-patch-1pack48-patches/,explicit_text,missing,Size/packaging not explicitly stated on product page; Ingredients captured as key actives (full INCI not confirmed)
"Anua – Niacinamide 10% + Tranexamin Acid 4% Serum, 30ml",Anua,Bulk Serums,Niacinamide (10%); Tranexamic Acid (4%); Panthenol (Vitamin B5); Allantoin; Hyaluronic Acid; Centella Asiatica Extract,30 ml,https://qudobeauty.com/wp-content/uploads/2025/04/61odQWUlZiL-600x600.jpg,https://qudobeauty.com/product/anua-niacinamide-10-tranexamin-acid-4-serum-30-ml/,explicit_text,capacity_section,Ingredients captured as key actives (full INCI not confirmed)
"Beauty of Joseon – Calming Serum Green Tea + Panthenol, 30ml",Beauty of Joseon,Bulk Serums,"Green Tea Extract (50%); Panthenol (Vitamin B5, 30%); Centella Asiatica Extract; Mugwort Extract (Artemisia Princeps); Hyaluronic Acid; Allantoin",30 ml,https://qudobeauty.com/wp-content/uploads/2025/04/1751784245686a1b2b79f23.jpg,https://qudobeauty.com/product/beauty-of-joseon-calming-serum-green-tea-panthenol-30-ml/,explicit_text,capacity_section,Ingredients captured as key actives (full INCI not confirmed)
"Anua – Birch 70 Moisture Boosting Toner, 250ml",Anua,Bulk Toners,Birch Sap (70%); Hyaluronic Acid; Panthenol (Vitamin B5); Allantoin; Centella Asiatica Extract,250 ml,https://qudobeauty.com/wp-content/uploads/2025/04/Anua-Birch-70-Moisture-Boosting-Toner.jpg,https://qudobeauty.com/product/anua-birch-70-moisture-boosting-toner-250ml/,explicit_text,capacity_section,Ingredients captured as key actives (full INCI not confirmed)
"Beauty of Joseon – Red Bean Water Gel, 100ml",Beauty of Joseon,,Red Bean Extract (Haenam Red Bean 44%); Peptide Complex; Niacinamide (Vitamin B3); Panthenol (Vitamin B5); Hyaluronic Acid; Allantoin,100 ml,https://qudobeauty.com/wp-content/uploads/2025/04/K-Beauty-of-Joseon-Red-Bean-Water-Gel-100ml-mit-EAN-8809738316993-600x600.webp,https://qudobeauty.com/product/beauty-of-joseon-red-bean-water-gel-100-ml/,explicit_text,capacity_section,Ingredients captured as key actives (full INCI not confirmed)
Round Lab – Birch Juice Trial Kit (Cleanser+Toner+Ampoule+Cream),ROUND LAB,Travel Makeup Kit,birch sap (birch juice); hyaluronic acid; panthenol; allantoin; betaine,trial kit,https://qudobeauty.com/wp-content/uploads/2025/04/986067_1_1731069069.webp,https://qudobeauty.com/product/round-lab-birch-juice-trial-kit-cleansertonerampoulecream/,explicit_text,capacity_section,Ingredients captured as key actives (full INCI not confirmed)
"Beauty of Joseon – Matte Sun Stick Mugwort + Camilia SPF50 PA++++, 18g",Beauty of Joseon,SPF,Mugwort (Artemisia Capillaris) Extract; Camellia Sinensis Seed Oil; Silica Powder; Niacinamide (Vitamin B3); Green Tea Extract; Centella Asiatica Extract,18 g,https://qudobeauty.com/wp-content/uploads/2025/04/Beauty-of-joseon-matte-sun-stick-600x600.jpg,https://qudobeauty.com/product/beauty-of-joseon-matte-sun-stick-mugwort-camilia-spf50-pa-18-g/,explicit_text,capacity_section,Ingredients captured as key actives (full INCI not confirmed)
Numbuzin – No.1 Clear Filter Sun Essence SPF 50+ PA ++++ – 50ml,Numbuzin,SPF,UVA & UVB filters; niacinamide; centella asiatica extract; hyaluronic acid & humectants; soft,50 ml,https://qudobeauty.com/wp-content/uploads/2025/04/8809652581705-600x600.webp,https://qudobeauty.com/product/numbuzin-no-1-clear-filter-sun-essence-spf-50-pa-50ml/,explicit_text,capacity_section,Ingredients captured as key actives (full INCI not confirmed)
"AXIS-Y – Vegan Collagen Eye Serum, 10ml",AXIS-Y,Eye Cream,Vegan Collagen; Niacinamide (Vitamin B3); Panthenol (Vitamin B5); Adenosine; Hyaluronic Acid; Green Tea Extract,10 ml,https://qudobeauty.com/wp-content/uploads/2025/04/res_724db353726eb02b961e903beedeecc9-copy-600x600.png,https://qudobeauty.com/product/axis-y-vegan-collagen-eye-serum-10ml/,explicit_text,capacity_section,Ingredients captured as key actives (full INCI not confirmed)
